{
  "last_node_id": 17,
  "last_link_id": 15,
  "nodes": [
    {
      "id": 5,
      "type": "EmptyLatentImage",
      "pos": [
        497,
        640
      ],
      "size": {
        "0": 315,
        "1": 106
      },
      "flags": {},
      "order": 0,
      "mode": 0,
      "outputs": [
        {
          "name": "LATENT",
          "type": "LATENT",
          "links": [],
          "slot_index": 0
        }
      ],
      "properties": {
        "Node name for S&R": "EmptyLatentImage"
      },
      "widgets_values": [
        1024,
        1024,
        1
      ]
    },
    {
      "id": 7,
      "type": "CLIPTextEncode",
      "pos": [
        413,
        389
      ],
      "size": {
        "0": 425.27801513671875,
        "1": 180.6060791015625
      },
      "flags": {},
      "order": 8,
      "mode": 0,
      "inputs": [
        {
          "name": "clip",
          "type": "CLIP",
          "link": 5
        }
      ],
      "outputs": [
        {
          "name": "CONDITIONING",
          "type": "CONDITIONING",
          "links": [
            6
          ],
          "slot_index": 0
        }
      ],
      "properties": {
        "Node name for S&R": "CLIPTextEncode"
      },
      "widgets_values": [
        "embedding:nfixer,embedding:nartfixer,embedding:nrealfixer, "
      ]
    },
    {
      "id": 11,
      "type": "EmptyLatentImage",
      "pos": [
        490,
        791
      ],
      "size": {
        "0": 315,
        "1": 106
      },
      "flags": {},
      "order": 1,
      "mode": 0,
      "outputs": [
        {
          "name": "LATENT",
          "type": "LATENT",
          "links": [],
          "slot_index": 0
        }
      ],
      "properties": {
        "Node name for S&R": "EmptyLatentImage"
      },
      "widgets_values": [
        512,
        512,
        1
      ]
    },
    {
      "id": 12,
      "type": "EmptyLatentImage",
      "pos": [
        487,
        944
      ],
      "size": {
        "0": 315,
        "1": 106
      },
      "flags": {},
      "order": 2,
      "mode": 0,
      "outputs": [
        {
          "name": "LATENT",
          "type": "LATENT",
          "links": [
            11
          ],
          "slot_index": 0
        }
      ],
      "properties": {
        "Node name for S&R": "EmptyLatentImage"
      },
      "widgets_values": [
        512,
        1024,
        1
      ]
    },
    {
      "id": 13,
      "type": "SaveImage",
      "pos": [
        1674,
        542
      ],
      "size": {
        "0": 210,
        "1": 266
      },
      "flags": {},
      "order": 11,
      "mode": 0,
      "inputs": [
        {
          "name": "images",
          "type": "IMAGE",
          "link": 13
        },
        {
          "name": "filename_prefix",
          "type": "STRING",
          "link": 12,
          "widget": {
            "name": "filename_prefix"
          },
          "slot_index": 1
        }
      ],
      "properties": {},
      "widgets_values": [
        "ComfyUI_%date:yyyy-MM-dd-hhmmss%"
      ]
    },
    {
      "id": 14,
      "type": "PrimitiveNode",
      "pos": [
        1404,
        732
      ],
      "size": {
        "0": 210,
        "1": 58
      },
      "flags": {},
      "order": 3,
      "mode": 0,
      "outputs": [
        {
          "name": "STRING",
          "type": "STRING",
          "links": [
            12
          ],
          "widget": {
            "name": "filename_prefix"
          }
        }
      ],
      "properties": {
        "Run widget replace on values": false
      },
      "widgets_values": [
        "ComfyUI_%date:yyyy-MM-dd-hhmmss%"
      ]
    },
    {
      "id": 8,
      "type": "VAEDecode",
      "pos": [
        1333,
        171
      ],
      "size": {
        "0": 210,
        "1": 46
      },
      "flags": {},
      "order": 10,
      "mode": 0,
      "inputs": [
        {
          "name": "samples",
          "type": "LATENT",
          "link": 7
        },
        {
          "name": "vae",
          "type": "VAE",
          "link": 15
        }
      ],
      "outputs": [
        {
          "name": "IMAGE",
          "type": "IMAGE",
          "links": [
            13
          ],
          "slot_index": 0
        }
      ],
      "properties": {
        "Node name for S&R": "VAEDecode"
      }
    },
    {
      "id": 4,
      "type": "CheckpointLoaderSimple",
      "pos": [
        -72,
        55
      ],
      "size": {
        "0": 315,
        "1": 98
      },
      "flags": {},
      "order": 4,
      "mode": 0,
      "outputs": [
        {
          "name": "MODEL",
          "type": "MODEL",
          "links": [
            1
          ],
          "slot_index": 0
        },
        {
          "name": "CLIP",
          "type": "CLIP",
          "links": [
            3,
            5
          ],
          "slot_index": 1
        },
        {
          "name": "VAE",
          "type": "VAE",
          "links": [],
          "slot_index": 2
        }
      ],
      "properties": {
        "Node name for S&R": "CheckpointLoaderSimple"
      },
      "widgets_values": [
        "illuminatiDiffusionV1_v11.safetensors"
      ]
    },
    {
      "id": 15,
      "type": "SaveImage",
      "pos": [
        596.1902056054689,
        495.3146882763673
      ],
      "size": {
        "0": 210,
        "1": 58
      },
      "flags": {},
      "order": 5,
      "mode": 0,
      "inputs": [
        {
          "name": "images",
          "type": "IMAGE",
          "link": null
        },
        {
          "name": "filename_prefix",
          "type": "STRING",
          "link": null,
          "widget": {
            "name": "filename_prefix"
          },
          "slot_index": 1
        }
      ],
      "properties": {},
      "widgets_values": [
        "ComfyUI_%date:yyyy-MM-dd-hhmmss%"
      ]
    },
    {
      "id": 3,
      "type": "KSampler",
      "pos": [
        949,
        359
      ],
      "size": {
        "0": 315,
        "1": 474
      },
      "flags": {},
      "order": 9,
      "mode": 0,
      "inputs": [
        {
          "name": "model",
          "type": "MODEL",
          "link": 1
        },
        {
          "name": "positive",
          "type": "CONDITIONING",
          "link": 4
        },
        {
          "name": "negative",
          "type": "CONDITIONING",
          "link": 6
        },
        {
          "name": "latent_image",
          "type": "LATENT",
          "link": 11
        }
      ],
      "outputs": [
        {
          "name": "LATENT",
          "type": "LATENT",
          "links": [
            7
          ],
          "slot_index": 0
        }
      ],
      "properties": {
        "Node name for S&R": "KSampler"
      },
      "widgets_values": [
        305868604240977,
        "randomize",
        60,
        7,
        "dpmpp_2m",
        "karras",
        1
      ]
    },
    {
      "id": 17,
      "type": "VAELoader",
      "pos": [
        897,
        1
      ],
      "size": {
        "0": 315,
        "1": 58
      },
      "flags": {},
      "order": 6,
      "mode": 0,
      "outputs": [
        {
          "name": "VAE",
          "type": "VAE",
          "links": [
            15
          ],
          "shape": 3,
          "slot_index": 0
        }
      ],
      "properties": {
        "Node name for S&R": "VAELoader"
      },
      "widgets_values": [
        "anythingv4VAE_anythingv4.pt"
      ]
    },
    {
      "id": 6,
      "type": "CLIPTextEncode",
      "pos": [
        415,
        186
      ],
      "size": {
        "0": 422.84503173828125,
        "1": 164.31304931640625
      },
      "flags": {},
      "order": 7,
      "mode": 0,
      "inputs": [
        {
          "name": "clip",
          "type": "CLIP",
          "link": 3
        }
      ],
      "outputs": [
        {
          "name": "CONDITIONING",
          "type": "CONDITIONING",
          "links": [
            4
          ],
          "slot_index": 0
        }
      ],
      "properties": {
        "Node name for S&R": "CLIPTextEncode"
      },
      "widgets_values": [
        "portrait of female fennec, blue and white space soldier, standing in futuristic city, anime, cartoon"
      ]
    }
  ],
  "links": [
    [
      1,
      4,
      0,
      3,
      0,
      "MODEL"
    ],
    [
      3,
      4,
      1,
      6,
      0,
      "CLIP"
    ],
    [
      4,
      6,
      0,
      3,
      1,
      "CONDITIONING"
    ],
    [
      5,
      4,
      1,
      7,
      0,
      "CLIP"
    ],
    [
      6,
      7,
      0,
      3,
      2,
      "CONDITIONING"
    ],
    [
      7,
      3,
      0,
      8,
      0,
      "LATENT"
    ],
    [
      11,
      12,
      0,
      3,
      3,
      "LATENT"
    ],
    [
      12,
      14,
      0,
      13,
      1,
      "STRING"
    ],
    [
      13,
      8,
      0,
      13,
      0,
      "IMAGE"
    ],
    [
      15,
      17,
      0,
      8,
      1,
      "VAE"
    ]
  ],
  "groups": [],
  "config": {},
  "extra": {
    "ds": {
      "scale": 1,
      "offset": {
        "0": -214.61205947042117,
        "1": 166.1953886249006
      }
    }
  },
  "version": 0.4
}