{
  "last_node_id": 27,
  "last_link_id": 28,
  "nodes": [
    {
      "id": 13,
      "type": "SaveImage",
      "pos": [
        1674,
        542
      ],
      "size": {
        "0": 210,
        "1": 266
      },
      "flags": {},
      "order": 14,
      "mode": 0,
      "inputs": [
        {
          "name": "images",
          "type": "IMAGE",
          "link": 13
        },
        {
          "name": "filename_prefix",
          "type": "STRING",
          "link": 12,
          "widget": {
            "name": "filename_prefix"
          },
          "slot_index": 1
        }
      ],
      "properties": {},
      "widgets_values": [
        "ComfyUI_%date:yyyy-MM-dd-hhmmss%"
      ]
    },
    {
      "id": 14,
      "type": "PrimitiveNode",
      "pos": [
        1404,
        732
      ],
      "size": {
        "0": 210,
        "1": 58
      },
      "flags": {},
      "order": 0,
      "mode": 0,
      "outputs": [
        {
          "name": "STRING",
          "type": "STRING",
          "links": [
            12
          ],
          "widget": {
            "name": "filename_prefix"
          }
        }
      ],
      "properties": {
        "Run widget replace on values": false
      },
      "widgets_values": [
        "ComfyUI_%date:yyyy-MM-dd-hhmmss%"
      ]
    },
    {
      "id": 8,
      "type": "VAEDecode",
      "pos": [
        1333,
        171
      ],
      "size": {
        "0": 210,
        "1": 46
      },
      "flags": {},
      "order": 13,
      "mode": 0,
      "inputs": [
        {
          "name": "samples",
          "type": "LATENT",
          "link": 7
        },
        {
          "name": "vae",
          "type": "VAE",
          "link": 28
        }
      ],
      "outputs": [
        {
          "name": "IMAGE",
          "type": "IMAGE",
          "links": [
            13
          ],
          "slot_index": 0
        }
      ],
      "properties": {
        "Node name for S&R": "VAEDecode"
      }
    },
    {
      "id": 17,
      "type": "EmptyLatentImage",
      "pos": [
        500,
        639
      ],
      "size": {
        "0": 300,
        "1": 110
      },
      "flags": {},
      "order": 8,
      "mode": 0,
      "inputs": [
        {
          "name": "width",
          "type": "INT",
          "link": 15,
          "widget": {
            "name": "width"
          }
        },
        {
          "name": "height",
          "type": "INT",
          "link": 16,
          "widget": {
            "name": "height"
          }
        }
      ],
      "outputs": [
        {
          "name": "LATENT",
          "type": "LATENT",
          "links": [
            17
          ],
          "slot_index": 0
        }
      ],
      "properties": {
        "Node name for S&R": "EmptyLatentImage"
      },
      "widgets_values": [
        1024,
        1024,
        1
      ]
    },
    {
      "id": 21,
      "type": "PrimitiveNode",
      "pos": [
        575,
        962
      ],
      "size": {
        "0": 210,
        "1": 82
      },
      "flags": {},
      "order": 1,
      "mode": 0,
      "outputs": [
        {
          "name": "FLOAT",
          "type": "FLOAT",
          "links": [
            19
          ],
          "widget": {
            "name": "cfg"
          }
        }
      ],
      "title": "CFG",
      "properties": {
        "Run widget replace on values": false
      },
      "widgets_values": [
        7,
        "fixed"
      ],
      "color": "#232",
      "bgcolor": "#353"
    },
    {
      "id": 7,
      "type": "CLIPTextEncode",
      "pos": [
        518,
        393
      ],
      "size": {
        "0": 210,
        "1": 54
      },
      "flags": {},
      "order": 11,
      "mode": 0,
      "inputs": [
        {
          "name": "clip",
          "type": "CLIP",
          "link": 24
        },
        {
          "name": "text",
          "type": "STRING",
          "link": 21,
          "widget": {
            "name": "text"
          }
        }
      ],
      "outputs": [
        {
          "name": "CONDITIONING",
          "type": "CONDITIONING",
          "links": [
            6
          ],
          "slot_index": 0
        }
      ],
      "properties": {
        "Node name for S&R": "CLIPTextEncode"
      },
      "widgets_values": [
        ""
      ]
    },
    {
      "id": 6,
      "type": "CLIPTextEncode",
      "pos": [
        520,
        289
      ],
      "size": {
        "0": 210,
        "1": 54
      },
      "flags": {},
      "order": 10,
      "mode": 0,
      "inputs": [
        {
          "name": "clip",
          "type": "CLIP",
          "link": 23
        },
        {
          "name": "text",
          "type": "STRING",
          "link": 20,
          "widget": {
            "name": "text"
          }
        }
      ],
      "outputs": [
        {
          "name": "CONDITIONING",
          "type": "CONDITIONING",
          "links": [
            4
          ],
          "slot_index": 0
        }
      ],
      "properties": {
        "Node name for S&R": "CLIPTextEncode"
      },
      "widgets_values": [
        "evening sunset scenery blue sky nature, glass bottle with a galaxy in it"
      ]
    },
    {
      "id": 18,
      "type": "SDXLAspectRatio",
      "pos": [
        -42,
        703
      ],
      "size": {
        "0": 315,
        "1": 126
      },
      "flags": {},
      "order": 2,
      "mode": 0,
      "outputs": [
        {
          "name": "Width",
          "type": "INT",
          "links": [
            15
          ],
          "shape": 3,
          "slot_index": 0
        },
        {
          "name": "Height",
          "type": "INT",
          "links": [
            16
          ],
          "shape": 3,
          "slot_index": 1
        }
      ],
      "properties": {
        "Node name for S&R": "SDXLAspectRatio"
      },
      "widgets_values": [
        64,
        64,
        "1:1  - 1024x1024 square"
      ],
      "color": "#232",
      "bgcolor": "#353"
    },
    {
      "id": 26,
      "type": "Note",
      "pos": [
        438,
        -424
      ],
      "size": {
        "0": 306.7409362792969,
        "1": 190.48622131347656
      },
      "flags": {},
      "order": 3,
      "mode": 0,
      "properties": {
        "text": ""
      },
      "widgets_values": [
        "CLIP SKIP\n=========\n\nThe CLIP encoder works in layers. You can decide to skip one or more layers of the composition. The more layers you skip the more \"generic\" your image will get.\n\nDepending on the model, you may want to set either -1 or -2. See the model description for further details or just experiment"
      ],
      "color": "#432",
      "bgcolor": "#653"
    },
    {
      "id": 25,
      "type": "CLIPSetLastLayer",
      "pos": [
        428,
        -187
      ],
      "size": {
        "0": 315,
        "1": 58
      },
      "flags": {},
      "order": 9,
      "mode": 0,
      "inputs": [
        {
          "name": "clip",
          "type": "CLIP",
          "link": 22
        }
      ],
      "outputs": [
        {
          "name": "CLIP",
          "type": "CLIP",
          "links": [
            23,
            24
          ],
          "shape": 3,
          "slot_index": 0
        }
      ],
      "properties": {
        "Node name for S&R": "CLIPSetLastLayer"
      },
      "widgets_values": [
        -2
      ],
      "color": "#232",
      "bgcolor": "#353"
    },
    {
      "id": 24,
      "type": "Note",
      "pos": [
        -44,
        453
      ],
      "size": {
        "0": 338,
        "1": 171
      },
      "flags": {},
      "order": 4,
      "mode": 0,
      "properties": {
        "text": ""
      },
      "widgets_values": [
        "Pony Diffusion XL\n\nBetter not use styles or negative prompts."
      ],
      "color": "#432",
      "bgcolor": "#653"
    },
    {
      "id": 4,
      "type": "CheckpointLoaderSimple",
      "pos": [
        -28,
        -135
      ],
      "size": {
        "0": 315,
        "1": 98
      },
      "flags": {},
      "order": 5,
      "mode": 0,
      "outputs": [
        {
          "name": "MODEL",
          "type": "MODEL",
          "links": [
            1
          ],
          "slot_index": 0
        },
        {
          "name": "CLIP",
          "type": "CLIP",
          "links": [
            22
          ],
          "slot_index": 1
        },
        {
          "name": "VAE",
          "type": "VAE",
          "links": [
            28
          ],
          "slot_index": 2
        }
      ],
      "properties": {
        "Node name for S&R": "CheckpointLoaderSimple"
      },
      "widgets_values": [
        "ponyDiffusionV6XL_v6StartWithThisOne.safetensors"
      ]
    },
    {
      "id": 20,
      "type": "PrimitiveNode",
      "pos": [
        574,
        820
      ],
      "size": {
        "0": 210,
        "1": 82
      },
      "flags": {},
      "order": 6,
      "mode": 0,
      "outputs": [
        {
          "name": "INT",
          "type": "INT",
          "links": [
            18
          ],
          "widget": {
            "name": "steps"
          }
        }
      ],
      "title": "Steps",
      "properties": {
        "Run widget replace on values": false
      },
      "widgets_values": [
        60,
        "fixed"
      ],
      "color": "#232",
      "bgcolor": "#353"
    },
    {
      "id": 22,
      "type": "SDXLPromptStyler",
      "pos": [
        -120,
        97
      ],
      "size": {
        "0": 474.38446044921875,
        "1": 261.2624816894531
      },
      "flags": {},
      "order": 7,
      "mode": 0,
      "outputs": [
        {
          "name": "text_positive",
          "type": "STRING",
          "links": [
            20
          ],
          "shape": 3,
          "slot_index": 0
        },
        {
          "name": "text_negative",
          "type": "STRING",
          "links": [
            21
          ],
          "shape": 3,
          "slot_index": 1
        }
      ],
      "properties": {
        "Node name for S&R": "SDXLPromptStyler"
      },
      "widgets_values": [
        "score_9, score_8_up, score_7_up, score_6_up, score_5_up, score_4_up, score_9, score_9, sfw, (solo), anthro, female, protogen, high detailed fur, smile",
        "",
        "base",
        true
      ],
      "color": "#232",
      "bgcolor": "#353"
    },
    {
      "id": 3,
      "type": "KSampler",
      "pos": [
        949,
        359
      ],
      "size": {
        "0": 315,
        "1": 474
      },
      "flags": {},
      "order": 12,
      "mode": 0,
      "inputs": [
        {
          "name": "model",
          "type": "MODEL",
          "link": 1
        },
        {
          "name": "positive",
          "type": "CONDITIONING",
          "link": 4
        },
        {
          "name": "negative",
          "type": "CONDITIONING",
          "link": 6
        },
        {
          "name": "latent_image",
          "type": "LATENT",
          "link": 17
        },
        {
          "name": "steps",
          "type": "INT",
          "link": 18,
          "widget": {
            "name": "steps"
          },
          "slot_index": 4
        },
        {
          "name": "cfg",
          "type": "FLOAT",
          "link": 19,
          "widget": {
            "name": "cfg"
          },
          "slot_index": 5
        }
      ],
      "outputs": [
        {
          "name": "LATENT",
          "type": "LATENT",
          "links": [
            7
          ],
          "slot_index": 0
        }
      ],
      "properties": {
        "Node name for S&R": "KSampler"
      },
      "widgets_values": [
        1000,
        "increment",
        60,
        7,
        "dpmpp_2m",
        "karras",
        1
      ]
    }
  ],
  "links": [
    [
      1,
      4,
      0,
      3,
      0,
      "MODEL"
    ],
    [
      4,
      6,
      0,
      3,
      1,
      "CONDITIONING"
    ],
    [
      6,
      7,
      0,
      3,
      2,
      "CONDITIONING"
    ],
    [
      7,
      3,
      0,
      8,
      0,
      "LATENT"
    ],
    [
      12,
      14,
      0,
      13,
      1,
      "STRING"
    ],
    [
      13,
      8,
      0,
      13,
      0,
      "IMAGE"
    ],
    [
      15,
      18,
      0,
      17,
      0,
      "INT"
    ],
    [
      16,
      18,
      1,
      17,
      1,
      "INT"
    ],
    [
      17,
      17,
      0,
      3,
      3,
      "LATENT"
    ],
    [
      18,
      20,
      0,
      3,
      4,
      "INT"
    ],
    [
      19,
      21,
      0,
      3,
      5,
      "FLOAT"
    ],
    [
      20,
      22,
      0,
      6,
      1,
      "STRING"
    ],
    [
      21,
      22,
      1,
      7,
      1,
      "STRING"
    ],
    [
      22,
      4,
      1,
      25,
      0,
      "CLIP"
    ],
    [
      23,
      25,
      0,
      6,
      0,
      "CLIP"
    ],
    [
      24,
      25,
      0,
      7,
      0,
      "CLIP"
    ],
    [
      28,
      4,
      2,
      8,
      1,
      "VAE"
    ]
  ],
  "groups": [],
  "config": {},
  "extra": {},
  "version": 0.4
}