{
  "last_node_id": 30,
  "last_link_id": 27,
  "nodes": [
    {
      "id": 22,
      "type": "SDXLPromptStyler",
      "pos": [
        -82,
        94
      ],
      "size": {
        "0": 400,
        "1": 200
      },
      "flags": {},
      "order": 0,
      "mode": 0,
      "outputs": [
        {
          "name": "text_positive",
          "type": "STRING",
          "links": [
            20
          ],
          "shape": 3,
          "slot_index": 0
        },
        {
          "name": "text_negative",
          "type": "STRING",
          "links": [
            21
          ],
          "shape": 3,
          "slot_index": 1
        }
      ],
      "properties": {
        "Node name for S&R": "SDXLPromptStyler"
      },
      "widgets_values": [
        "evening sunset scenery blue sky nature, glass bottle with a galaxy in it",
        "watermark",
        "base",
        true
      ],
      "color": "#232",
      "bgcolor": "#353"
    },
    {
      "id": 14,
      "type": "PrimitiveNode",
      "pos": [
        1578,
        711
      ],
      "size": {
        "0": 210,
        "1": 58
      },
      "flags": {},
      "order": 1,
      "mode": 0,
      "outputs": [
        {
          "name": "STRING",
          "type": "STRING",
          "links": [
            12
          ],
          "widget": {
            "name": "filename_prefix"
          }
        }
      ],
      "properties": {},
      "widgets_values": [
        "ComfyUI_%date:yyyy-MM-dd-hhmmss%"
      ]
    },
    {
      "id": 6,
      "type": "CLIPTextEncode",
      "pos": [
        610,
        112
      ],
      "size": {
        "0": 210,
        "1": 54
      },
      "flags": {},
      "order": 13,
      "mode": 0,
      "inputs": [
        {
          "name": "clip",
          "type": "CLIP",
          "link": 26
        },
        {
          "name": "text",
          "type": "STRING",
          "link": 20,
          "widget": {
            "name": "text"
          }
        }
      ],
      "outputs": [
        {
          "name": "CONDITIONING",
          "type": "CONDITIONING",
          "links": [
            4
          ],
          "slot_index": 0
        }
      ],
      "properties": {
        "Node name for S&R": "CLIPTextEncode"
      },
      "widgets_values": [
        "evening sunset scenery blue sky nature, glass bottle with a galaxy in it"
      ]
    },
    {
      "id": 7,
      "type": "CLIPTextEncode",
      "pos": [
        615,
        216
      ],
      "size": {
        "0": 210,
        "1": 54
      },
      "flags": {},
      "order": 14,
      "mode": 0,
      "inputs": [
        {
          "name": "clip",
          "type": "CLIP",
          "link": 27
        },
        {
          "name": "text",
          "type": "STRING",
          "link": 21,
          "widget": {
            "name": "text"
          }
        }
      ],
      "outputs": [
        {
          "name": "CONDITIONING",
          "type": "CONDITIONING",
          "links": [
            6
          ],
          "slot_index": 0
        }
      ],
      "properties": {
        "Node name for S&R": "CLIPTextEncode"
      },
      "widgets_values": [
        ""
      ]
    },
    {
      "id": 13,
      "type": "SaveImage",
      "pos": [
        1972,
        201
      ],
      "size": {
        "0": 210,
        "1": 266
      },
      "flags": {},
      "order": 17,
      "mode": 0,
      "inputs": [
        {
          "name": "images",
          "type": "IMAGE",
          "link": 13
        },
        {
          "name": "filename_prefix",
          "type": "STRING",
          "link": 12,
          "widget": {
            "name": "filename_prefix"
          },
          "slot_index": 1
        }
      ],
      "properties": {},
      "widgets_values": [
        "ComfyUI_%date:yyyy-MM-dd-hhmmss%"
      ]
    },
    {
      "id": 3,
      "type": "KSampler",
      "pos": [
        1245,
        -284
      ],
      "size": {
        "0": 315,
        "1": 474
      },
      "flags": {},
      "order": 15,
      "mode": 0,
      "inputs": [
        {
          "name": "model",
          "type": "MODEL",
          "link": 25
        },
        {
          "name": "positive",
          "type": "CONDITIONING",
          "link": 4
        },
        {
          "name": "negative",
          "type": "CONDITIONING",
          "link": 6
        },
        {
          "name": "latent_image",
          "type": "LATENT",
          "link": 17
        },
        {
          "name": "steps",
          "type": "INT",
          "link": 18,
          "widget": {
            "name": "steps"
          },
          "slot_index": 4
        },
        {
          "name": "cfg",
          "type": "FLOAT",
          "link": 19,
          "widget": {
            "name": "cfg"
          },
          "slot_index": 5
        }
      ],
      "outputs": [
        {
          "name": "LATENT",
          "type": "LATENT",
          "links": [
            7
          ],
          "slot_index": 0
        }
      ],
      "properties": {
        "Node name for S&R": "KSampler"
      },
      "widgets_values": [
        100000001,
        "randomize",
        7,
        2,
        "lcm",
        "sgm_uniform",
        1
      ]
    },
    {
      "id": 17,
      "type": "EmptyLatentImage",
      "pos": [
        577,
        451
      ],
      "size": {
        "0": 300,
        "1": 110
      },
      "flags": {},
      "order": 10,
      "mode": 0,
      "inputs": [
        {
          "name": "width",
          "type": "INT",
          "link": 15,
          "widget": {
            "name": "width"
          }
        },
        {
          "name": "height",
          "type": "INT",
          "link": 16,
          "widget": {
            "name": "height"
          }
        }
      ],
      "outputs": [
        {
          "name": "LATENT",
          "type": "LATENT",
          "links": [
            17
          ],
          "slot_index": 0
        }
      ],
      "properties": {
        "Node name for S&R": "EmptyLatentImage"
      },
      "widgets_values": [
        1024,
        1024,
        1
      ]
    },
    {
      "id": 18,
      "type": "SDXLAspectRatio",
      "pos": [
        72,
        715
      ],
      "size": {
        "0": 315,
        "1": 126
      },
      "flags": {},
      "order": 2,
      "mode": 0,
      "outputs": [
        {
          "name": "Width",
          "type": "INT",
          "links": [
            15
          ],
          "shape": 3,
          "slot_index": 0
        },
        {
          "name": "Height",
          "type": "INT",
          "links": [
            16
          ],
          "shape": 3,
          "slot_index": 1
        }
      ],
      "properties": {
        "Node name for S&R": "SDXLAspectRatio"
      },
      "widgets_values": [
        64,
        64,
        "1:1  - 1024x1024 square"
      ],
      "color": "#232",
      "bgcolor": "#353"
    },
    {
      "id": 21,
      "type": "PrimitiveNode",
      "pos": [
        651,
        769
      ],
      "size": {
        "0": 210,
        "1": 82
      },
      "flags": {},
      "order": 3,
      "mode": 0,
      "outputs": [
        {
          "name": "FLOAT",
          "type": "FLOAT",
          "links": [
            19
          ],
          "widget": {
            "name": "cfg"
          }
        }
      ],
      "title": "CFG",
      "properties": {},
      "widgets_values": [
        2,
        "fixed"
      ],
      "color": "#232",
      "bgcolor": "#353"
    },
    {
      "id": 4,
      "type": "CheckpointLoaderSimple",
      "pos": [
        -88,
        -179
      ],
      "size": {
        "0": 315,
        "1": 98
      },
      "flags": {},
      "order": 4,
      "mode": 0,
      "outputs": [
        {
          "name": "MODEL",
          "type": "MODEL",
          "links": [
            22
          ],
          "slot_index": 0
        },
        {
          "name": "CLIP",
          "type": "CLIP",
          "links": [
            23
          ],
          "slot_index": 1
        },
        {
          "name": "VAE",
          "type": "VAE",
          "links": [
            8
          ],
          "slot_index": 2
        }
      ],
      "properties": {
        "Node name for S&R": "CheckpointLoaderSimple"
      },
      "widgets_values": [
        "albedobaseXL_v13.safetensors"
      ]
    },
    {
      "id": 24,
      "type": "Note",
      "pos": [
        -458,
        75
      ],
      "size": {
        "0": 338,
        "1": 171
      },
      "flags": {},
      "order": 5,
      "mode": 0,
      "properties": {
        "text": ""
      },
      "widgets_values": [
        "Examples of various styles can be found here: https://stable-diffusion-art.com/sdxl-styles/"
      ],
      "color": "#432",
      "bgcolor": "#653"
    },
    {
      "id": 19,
      "type": "Note",
      "pos": [
        -65,
        374
      ],
      "size": {
        "0": 378.23583984375,
        "1": 278.94244384765625
      },
      "flags": {},
      "order": 6,
      "mode": 0,
      "properties": {
        "text": ""
      },
      "widgets_values": [
        "A simple workflow for SDXL models with LCM LORA, which makes generation way faster.\n\nSome models produce better results with empty Negative Prompt.\n\nUse image sizes that have 1024^2 pixels. `aspectRatio` menu has many presets that fit this condition."
      ],
      "color": "#432",
      "bgcolor": "#653"
    },
    {
      "id": 30,
      "type": "Note",
      "pos": [
        1239,
        -565
      ],
      "size": {
        "0": 314.1458740234375,
        "1": 194.15423583984375
      },
      "flags": {},
      "order": 7,
      "mode": 0,
      "properties": {
        "text": ""
      },
      "widgets_values": [
        "lcm sampler and sgm_uniform scheduler are important here."
      ],
      "color": "#432",
      "bgcolor": "#653"
    },
    {
      "id": 8,
      "type": "VAEDecode",
      "pos": [
        1678,
        196
      ],
      "size": {
        "0": 210,
        "1": 46
      },
      "flags": {},
      "order": 16,
      "mode": 0,
      "inputs": [
        {
          "name": "samples",
          "type": "LATENT",
          "link": 7
        },
        {
          "name": "vae",
          "type": "VAE",
          "link": 8
        }
      ],
      "outputs": [
        {
          "name": "IMAGE",
          "type": "IMAGE",
          "links": [
            13
          ],
          "slot_index": 0
        }
      ],
      "properties": {
        "Node name for S&R": "VAEDecode"
      }
    },
    {
      "id": 26,
      "type": "ModelSamplingDiscrete",
      "pos": [
        832,
        -321
      ],
      "size": {
        "0": 315,
        "1": 82
      },
      "flags": {},
      "order": 12,
      "mode": 0,
      "inputs": [
        {
          "name": "model",
          "type": "MODEL",
          "link": 24
        }
      ],
      "outputs": [
        {
          "name": "MODEL",
          "type": "MODEL",
          "links": [
            25
          ],
          "shape": 3,
          "slot_index": 0
        }
      ],
      "properties": {
        "Node name for S&R": "ModelSamplingDiscrete"
      },
      "widgets_values": [
        "lcm",
        false
      ]
    },
    {
      "id": 27,
      "type": "LoraLoader",
      "pos": [
        431,
        -321
      ],
      "size": {
        "0": 315,
        "1": 126
      },
      "flags": {},
      "order": 11,
      "mode": 0,
      "inputs": [
        {
          "name": "model",
          "type": "MODEL",
          "link": 22
        },
        {
          "name": "clip",
          "type": "CLIP",
          "link": 23
        }
      ],
      "outputs": [
        {
          "name": "MODEL",
          "type": "MODEL",
          "links": [
            24
          ],
          "shape": 3,
          "slot_index": 0
        },
        {
          "name": "CLIP",
          "type": "CLIP",
          "links": [
            26,
            27
          ],
          "shape": 3,
          "slot_index": 1
        }
      ],
      "properties": {
        "Node name for S&R": "LoraLoader"
      },
      "widgets_values": [
        "lcm_lora_sdxl.safetensors",
        1,
        1
      ]
    },
    {
      "id": 20,
      "type": "PrimitiveNode",
      "pos": [
        635,
        632
      ],
      "size": {
        "0": 210,
        "1": 82
      },
      "flags": {},
      "order": 8,
      "mode": 0,
      "outputs": [
        {
          "name": "INT",
          "type": "INT",
          "links": [
            18
          ],
          "widget": {
            "name": "steps"
          }
        }
      ],
      "title": "Steps",
      "properties": {},
      "widgets_values": [
        7,
        "fixed"
      ],
      "color": "#232",
      "bgcolor": "#353"
    },
    {
      "id": 23,
      "type": "Note",
      "pos": [
        570,
        933
      ],
      "size": {
        "0": 435.75872802734375,
        "1": 217.8376007080078
      },
      "flags": {},
      "order": 9,
      "mode": 0,
      "properties": {
        "text": ""
      },
      "widgets_values": [
        "LCM doesn't need as many steps as raw SDXL model. Around 4-7 is usually enough. Lower values may cause more artifacts.\n\nCFG is recommended at 2 or so.\n\nThese can be experimented with."
      ],
      "color": "#432",
      "bgcolor": "#653"
    }
  ],
  "links": [
    [
      4,
      6,
      0,
      3,
      1,
      "CONDITIONING"
    ],
    [
      6,
      7,
      0,
      3,
      2,
      "CONDITIONING"
    ],
    [
      7,
      3,
      0,
      8,
      0,
      "LATENT"
    ],
    [
      8,
      4,
      2,
      8,
      1,
      "VAE"
    ],
    [
      12,
      14,
      0,
      13,
      1,
      "STRING"
    ],
    [
      13,
      8,
      0,
      13,
      0,
      "IMAGE"
    ],
    [
      15,
      18,
      0,
      17,
      0,
      "INT"
    ],
    [
      16,
      18,
      1,
      17,
      1,
      "INT"
    ],
    [
      17,
      17,
      0,
      3,
      3,
      "LATENT"
    ],
    [
      18,
      20,
      0,
      3,
      4,
      "INT"
    ],
    [
      19,
      21,
      0,
      3,
      5,
      "FLOAT"
    ],
    [
      20,
      22,
      0,
      6,
      1,
      "STRING"
    ],
    [
      21,
      22,
      1,
      7,
      1,
      "STRING"
    ],
    [
      22,
      4,
      0,
      27,
      0,
      "MODEL"
    ],
    [
      23,
      4,
      1,
      27,
      1,
      "CLIP"
    ],
    [
      24,
      27,
      0,
      26,
      0,
      "MODEL"
    ],
    [
      25,
      26,
      0,
      3,
      0,
      "MODEL"
    ],
    [
      26,
      27,
      1,
      6,
      0,
      "CLIP"
    ],
    [
      27,
      27,
      1,
      7,
      0,
      "CLIP"
    ]
  ],
  "groups": [],
  "config": {},
  "extra": {},
  "version": 0.4
}